class,accuracy,presicion,recall,F-measure
0,0.839,0.610559,0.983,0.753257
1,0.85875,1,0.435,0.606272
2,0.98425,1,0.937,0.967475
3,0.9955,0.982318,1,0.99108
