class,accuracy,presicion,recall,F-measure
0,0.79075,0.546812,0.952,0.694637
1,0.8295,1,0.318,0.482549
2,0.974,0.998886,0.897,0.945205
3,0.98725,0.954938,0.996,0.975037
