class,accuracy,presicion,recall,F-measure
0,0.763,0.513458,0.992,0.676671
1,0.80725,1,0.229,0.372661
2,0.95875,1,0.835,0.910082
3,0.997,0.992032,0.996,0.994012
