class,accuracy,presicion,recall,F-measure
0,0.9515,0.843271,0.99,0.910764
1,0.9895,0.998958,0.959,0.978571
2,0.9645,1,0.858,0.923574
3,0.997,0.990079,0.998,0.994024
